{
  "project_info": {
    "project_number": "939989194376",
    "project_id": "plain-event",
    "storage_bucket": "plain-event.appspot.com"
  },
  "client": [
    {
      "client_info": {
        "mobilesdk_app_id": "1:939989194376:android:0d9f8456e045179574b13d",
        "android_client_info": {
          "package_name": "com.example.plain_event"
        }
      },
      "oauth_client": [
        {
          "client_id": "939989194376-h0muq3mag7c9gs31diurrf9u5q72f7dg.apps.googleusercontent.com",
          "client_type": 3
        }
      ],
      "api_key": [
        {
          "current_key": "AIzaSyCb5YRMdw6ZimTgQ9Tx7A0C_7ozIB2AxoA"
        }
      ],
      "services": {
        "appinvite_service": {
          "other_platform_oauth_client": [
            {
              "client_id": "939989194376-h0muq3mag7c9gs31diurrf9u5q72f7dg.apps.googleusercontent.com",
              "client_type": 3
            }
          ]
        }
      }
    }
  ],
  "configuration_version": "1"
}